"Y","XS","XC","TP","rf","tmax","tmin","varpr","srad","wind","growth","Z","PC1","PC2","PC3","PC4","PC5","PC6"
1.46093790411566,1,475.456,24.04148761,140.1008006,28.98581053,20.18055282,2.426151385,9.84591784153686,2.484290613,"shrub","Cestrum",-3.6021287160502,0.968866190864092,-0.717679556422428,-0.442775662480404,-0.420542018131221,0.0723422874365299
1.66483477565439,1,528.7772727,18.46732816,132.3232601,23.99178255,14.10205946,1.715066219,9.83944482314018,2.717954651,"shrub","Cestrum",-1.39523229340358,0.847806370153574,-0.0738650378395331,-1.08554411711304,-0.157516733984253,0.176044920194729
0.466873736236808,1,427.1868132,24.0508961,122.5612094,29.10105947,19.32774139,2.337047312,9.80277709856386,3.315432723,"tree","Cestrum",-2.77829823602208,0.652613425332298,-1.65079279330117,-0.149053164981996,-0.234185141806477,-0.209709041482609
1.52605630349505,0,434.5,22.94588074,112.4898727,28.64113592,17.70163308,2.141595561,9.815470130016,2.408527782,"tree","Cestrum",-2.7833478553198,0.605709791528132,-0.177526135722,-0.104669950319723,-0.290793621911457,-0.0685581387128643
0.648777232824005,0,501.2649573,16.30202888,113.4128788,21.18117193,10.3950526,1.377078671,9.70068848597604,2.446375519,"shrub","Cestrum",-0.110068378213244,1.30138247380858,0.801359128402315,-0.530422093754921,0.0110745544721833,0.153822103578912
1.85604795911042,1,677.795,21.04228066,107.4298878,26.84585441,15.97566512,1.923869017,9.73023221291169,2.628464255,"shrub","Cestrum",-1.86764696301022,0.87517159973544,-0.200496208569242,0.105537914434514,-0.049706273938942,-0.0591690249124976
1.57733132815049,1,421.6428571,24.42796675,133.0342262,29.68401782,20.6023355,2.493789882,9.85114601156162,3.85408312,"tree","Cestrum",-3.0035434696396,0.499127800268097,-2.57317495491598,-0.46334231492063,-0.303761087435851,-0.281860727987003
1.17433799919625,1,476.9566327,22.31506937,150.8890238,27.06472153,17.2214351,2.098909494,9.78691553498872,2.577368281,"shrub","Cestrum",-2.61286119310418,1.35025401313022,-0.444996686943075,-0.704742672535733,-0.0238538267860043,0.0143596270154229
-2.99573227355399,1,560.6690647,24.28645791,192.6641414,29.44505067,19.37680064,2.438066786,9.65203545235031,1.901165668,"tree","Cestrum",-3.90364526609966,2.72415385236145,-0.0951967766576376,-0.338071061890133,0.357719941665595,-0.126747242509944
1.247606841346,0,479.4393443,18.46226068,133.3085242,24.4119351,13.62072133,1.728688544,9.76496359434223,2.118707385,"shrub","Cestrum",-1.6164367353031,1.32140820102133,0.717002324788503,-0.686499108036566,-0.0604506281430382,0.119954015880451
1.91692261218206,0,382.5571776,22.08076213,47.24430424,29.61549432,14.99961307,1.606205767,9.82391281326496,2.639123533,"herb","Datura",-1.46040513933555,-0.80716122783211,0.252537629794113,0.556028598423762,0.0132370717911177,-0.246642961973249
2.67414864942653,0,571.0281457,16.49603451,55.77562831,22.40364314,10.53484894,1.21733032,9.73235496589753,3.19639862,"herb","Datura",0.639540491149086,-0.0588360221478339,0.0740051398623107,0.137839029386431,-0.0335169886565157,0.0261015259461235
2.42657107277504,0,443.8858483,18.17448234,53.58607958,22.70734574,11.59231355,1.343924821,9.70154698151208,3.211523019,"herb","Datura",0.412600276121913,0.0790298522506265,-0.11143793232965,0.42912564543327,-0.0969926653111881,0.0464560974572243
2.00911563924465,0,382.5535714,22.59061177,53.30172414,31.29893444,14.92056286,1.576830308,9.80660694505552,2.258143997,"herb","Datura",-1.81135491391421,-0.688317727968166,0.754652171952475,0.629459115915546,0.278916449055465,-0.37394799608245
1.883000776325,1,691.6116505,21.73383123,26.09639303,28.15008765,14.29059474,1.002031507,9.95471253869072,3.397394946,"herb","Datura",-0.221226245962181,-2.14599426531696,-0.198760914509164,-0.117032317276549,0.385604864205239,0.199401858605248
2.76000994003292,1,471.0254237,21.96923086,117.2091417,25.63229841,16.86181488,1.978083721,9.72168724446845,2.758288213,"shrub","Datura",-1.88414371771636,1.12887641542926,-0.500591301672384,0.00123634146579459,-0.117246179065709,0.158922826109637
2.60845083587946,1,372.8,18.04730543,62.18098958,24.42755745,10.59217372,1.25268846,9.75327229385407,2.879859022,"shrub","Datura",0.140366073634608,-0.103188919336769,0.44775789160391,0.0628949628635999,0.103740595658624,-0.162651629078599
1.96009478404727,1,375.0538922,16.54966181,42.61828964,24.91281901,8.284613972,1.003254199,9.81361327973191,2.982117206,"herb","Datura",0.72295674768083,-0.828892031852868,0.719871881734936,-0.121363759791656,0.167999220240063,-0.393527082702232
2.15064530068617,1,336.7070608,12.5248479,66.96788392,16.11629133,7.370476949,1.090757503,9.42604009058457,3.642486866,"herb","Datura",2.46059862720532,1.77466311986714,-0.295440320515267,0.883381462900666,0.16111982040193,0.101185306307282
2.62466859216316,0,351.1082411,15.92770722,34.48264146,23.45242277,9.360221561,0.975023179,9.79675790226333,3.301904539,"shrub","Datura",1.02608891355842,-0.887519427163327,0.256788255635167,0.0474603686836019,0.106244864073462,-0.0898949405791713
-0.655466113592257,1,303.6200466,14.99271481,64.21964353,19.74706758,11.18952578,1.272679179,9.62235088278947,4.077917499,"herb","Hyoscyamus",1.38105631114086,0.548746500203762,-1.21862522868047,0.364401870853743,0.0469346032520486,0.165633466965862
-2.30258509299405,1,339.0306122,18.44844012,39.78052805,24.3070494,13.01459368,1.27954072,9.83351347160631,2.912865913,"herb","Hyoscyamus",-0.140561714717176,-0.816676325167325,0.286986459928285,0.18978837180047,-0.209892697148514,0.276786462342923
-0.64017529579384,0,360,19.15743525,5.55,25.3247348,14.11862145,0.938193069,9.90449288052456,3.45585832,"herb","Hyoscyamus",0.39330109689729,-2.07824091277203,-0.174722682873365,0.310867967035617,0.111166094547087,0.53223115363441
-1.46967597005894,1,354.8611111,20.61828022,7.556074766,27.49237879,14.17567574,1.131531051,9.88973891568317,2.9226694,"herb","Hyoscyamus",-0.330649221943639,-1.88685640586878,0.382066770948488,0.561828981869932,0.0367775598404029,0.231653567869307
-0.658552535795446,1,395.725,24.95965713,3.355,31.98120172,17.70619496,0.939051284,9.96956106684366,3.996993208,"herb","Hyoscyamus",-0.507740057880904,-3.07382625507144,-1.14192879708509,0.396269343624475,0.918239565372841,0.230846874180109
-0.510825623765991,0,235.8384984,8.282910412,60.21405005,11.98781209,3.95205156,0.878045609,9.31847200184796,3.923190963,"herb","Hyoscyamus",3.8919647982726,2.30716473808492,-0.272175463387507,1.04507712280549,0.108067667900893,0.0879585255926296
-0.478035800943,0,327.9565217,10.93942976,21.95341207,18.49185713,5.596936182,0.78526623,9.76934963944382,2.430961178,"herb","Hyoscyamus",1.82933098911819,-0.434501314531717,1.8421574039826,0.0448125336106265,-0.478003780549886,0.215814677171561
-0.22314355131421,0,333.3913043,15.50489941,22.98655914,23.32522477,10.86218957,1.109718631,9.84167048594619,2.766561484,"herb","Hyoscyamus",0.412983380044772,-1.06012720069992,0.801942928150111,0.224639273576285,-0.322670488783063,0.21289341719607
-0.420071260497527,1,716.5333333,19.83054759,70.62198068,25.67977854,14.10152885,1.705984572,9.75000855707841,2.835600854,"shrub","Lycium",-0.976968791637837,0.177872872076193,-0.0814293991573951,0.352987291676197,-0.237040921477347,-0.0799557369633862
-0.478035800943,1,645.9711538,21.46953533,66.6255814,27.51571309,15.01938945,1.772131443,9.71775252527504,2.765780367,"shrub","Lycium",-1.31105963651796,0.170286529820054,-0.102735531759344,0.711649647008266,-0.0642669732687522,-0.206125648791388
2.25742034903965,0,723.7105263,17.86729127,15.08986928,24.70537476,10.65450763,1.023934699,9.91144445624883,3.482346022,"shrub","Lycium",0.72671898040851,-1.80364474586645,-0.0276834805475044,-0.0634058196446549,-0.163040328427102,-0.0353248429038769
0.748014082000785,1,338.7615894,18.53045231,20.65054311,27.02195731,10.89330717,0.834164682,9.86537513171994,3.209678044,"shrub","Lycium",0.556359478412451,-1.74743997205775,0.406019723462167,0.117331190337759,0.50730977917621,-0.103165469711554
0.323821119067654,1,733.0865103,17.90004942,23.41308793,24.09720199,11.19103543,1.035714125,9.85839372379401,4.003462369,"shrub","Lycium",1.0327948341927,-1.5332893212703,-0.796481389675094,-0.00571133771242549,0.0313576817572749,-0.0242666337008145
0.53062825106217,1,251.7553011,9.53410716,60.08970963,13.39964198,6.014123443,0.995795444,9.28271788217245,4.601502321,"shrub","Lycium",3.80356928955616,2.23278561247331,-1.40703622689026,1.32868747190341,0.344844676278744,0.000917490863702297
0.322083499169113,1,366.6329588,19.39481971,29.58805477,27.94322666,11.48420916,1.063191931,9.83658188845839,3.02415464,"shrub","Lycium",0.0287871686758968,-1.37472915737454,0.421607535542178,0.278455784579387,0.395773246140834,-0.27414948160709
-0.563874844855806,0,372.2985075,21.1514732,19.40804598,27.46682208,13.99167531,1.514075501,9.83264840648271,3.019531545,"shrub","Lycium",-0.652617202644175,-1.23183001146323,-0.0297475955038562,0.750278736356021,-0.320472802564823,-0.146419792346432
0.632335041163188,0,754,9.1271207,31.9125,14.89460763,3.359269585,0.677471982,9.84846516476732,3.355682255,"shrub","Lycium",2.91230696486455,-0.623710263552652,0.866465626831106,-0.886716308266447,-0.774530148111256,0.214244678995194
1.33605314468314,1,352.4647887,18.80021236,22.00600601,23.34887105,11.96118391,1.248744829,9.79744808588768,3.196454063,"shrub","Lycium",0.439768629201964,-0.917800499278636,0.0539325299060206,0.501409127042995,-0.336772352169507,0.168753465282767
-0.383312303467031,1,389.9882353,22.59995935,88.41372549,27.00183104,17.01377053,2.029751342,9.74835895186678,3.99364245,"shrub","Lycium",-1.2801788506898,0.224867325030458,-2.08476814485899,0.248438272287322,-0.154155994345932,-0.26255903559896
0.975314072323616,1,288.9246411,11.80391633,78.89154511,15.15153324,7.19736881,1.124374625,9.38074683513405,3.62408558,"shrub","Lycium",2.53149426510246,2.24739735305616,-0.323652131074424,0.874764166049308,0.18917994809487,0.139802891982937
0.685518153395454,1,712.9135802,17.50505407,37.23767123,25.23437188,9.770711295,1.090724348,9.90183721898454,2.80685794,"shrub","Lycium",0.212304812416765,-1.25007053107881,0.818828970874406,-0.293184946442742,-0.135106270862233,-0.166249879393283
0.93883469630905,1,327.9066667,16.38625353,22.14435695,24.52943934,8.731020775,0.671765015,9.86549919260359,3.689492697,"shrub","Lycium",1.50580904362306,-1.72377247677752,0.0447480847894585,-0.233928085833326,0.466877928190544,-0.132586901726698
1.96666470407687,0,697.9473684,18.76568784,8.519607843,25.058487,11.60869306,1.228230003,9.88211569468146,3.881905376,"shrub","Lycium",0.659842078170362,-1.77989492182649,-0.74893920411956,0.264350278507176,-0.328311050630658,-0.177528783473631
1.01494078264049,1,699.8,15.0029954,12.69444444,20.88617433,9.512911483,0.995894417,9.87310780941982,4.412123983,"shrub","Lycium",1.8749169668738,-1.61562392152992,-1.1430483732744,-0.171054219677362,-0.399604796774419,0.0471244436950765
0.0784414263065625,0,676,19.24667003,21.43197279,27.24551912,10.76137752,0.937487624,9.9626021110159,2.689394971,"shrub","Lycium",-0.0092654830557363,-1.98421184744766,1.05557334254579,-0.238505189617436,0.0852042350682362,-0.0670787722163371
0.567130339976458,1,305.3955056,15.00994546,44.00350501,20.65913876,10.0236706,1.204393187,9.68209384185742,3.264966118,"shrub","Lycium",1.08158031252217,0.098636851889237,0.0516610415370744,0.458705759356884,-0.204656078276227,0.126288095533207
0.930588036574979,1,743.0921758,16.17860934,40.2856721,20.6638632,11.14279404,1.178333499,9.76188655202975,5.040914085,"shrub","Lycium",1.85709693221243,-0.771853676201069,-2.31627394959872,-0.0309507990827801,-0.0771325275817715,-0.00116801398882344
0.391798814944345,1,350.9491525,20.69232963,21.25938438,28.71502421,12.49836288,0.931078813,9.87050777623979,2.933691373,"shrub","Lycium",-0.0807204713663288,-1.78596233384491,0.58135361311299,0.302085179876999,0.569259462530594,-0.058532395235221
0.559615787935423,1,279.0740741,9.859449044,81.88505747,15.64295959,4.731232193,0.982903261,9.51542424572287,3.38346391,"shrub","Lycium",2.57080316349007,1.68231565967469,0.298914149026398,0.0611613818295885,0.0513406846302862,-0.0936031001793314
0.523307401268047,1,717.2287234,17.31160256,31.45498783,24.8682109,9.487783771,1.054859123,9.90037936662702,3.009729098,"shrub","Lycium",0.472927130955388,-1.36863735593084,0.613045410834715,-0.261666860323089,-0.147993557058041,-0.182717091113329
0.361582880291315,1,336.5645933,18.03105012,22.25922096,23.06404467,13.85267634,1.494866487,9.78734318122317,4.127345016,"shrub","Lycium",0.502213959027318,-0.951990972292803,-1.47567490365752,0.608155246162538,-0.51295738902715,0.123131587633805
-0.567395975254385,0,683.3333333,22.69463975,98.53921569,24.85839512,18.68470465,2.077097388,9.81002304572903,3.765746024,"shrub","Lycium",-1.59976419795146,0.307028471352245,-1.95029168532181,-0.127136647514928,-0.489171015683006,0.319842264294243
0.395010650204305,1,378.7777778,20.80151746,13.6547619,27.16687,13.41052014,1.576885871,9.85495735464753,2.665857757,"shrub","Lycium",-0.816764263623858,-1.2555984711619,0.459501754889339,0.76602139926604,-0.619946057193014,-0.16460397807006
-0.544727175441672,1,627.3421053,22.87202266,58.34375,28.26719332,16.96247758,1.954324191,9.69653238564112,2.946432995,"shrub","Lycium",-1.63751082757947,0.12261151108412,-0.590257876570395,1.11945383565587,-0.174048947070011,-0.164997822995632
0.0380662008064563,1,731.1717172,17.05098154,29.17068965,23.97182346,9.89605526,1.08885535,9.86721762173929,3.107439741,"shrub","Lycium",0.59795385358629,-1.20261023850229,0.430050700370155,-0.0786820950713804,-0.215377939703287,-0.0701622816056357
0.99117554506587,1,712.254902,17.5520552,28.78196347,25.83755267,9.230330548,0.980629909,9.92981720298513,2.858011411,"shrub","Lycium",0.372221891729675,-1.61269702738346,0.894325267426387,-0.344498544618337,-0.0443772868445486,-0.237361219608465
-1.10866262452161,1,366.9565217,21.295018,18.96388889,26.87445263,13.76687407,1.558489968,9.83241856920535,2.929587367,"shrub","Lycium",-0.660472626668068,-1.14016172869491,0.0781679229782066,0.754222046875246,-0.479959372640637,-0.126038577184424
0.922511343687211,0,708.3552632,18.45291599,31.2469697,26.15108329,10.32404822,1.11236046,9.90864589189819,2.765069304,"shrub","Lycium",0.0309555117360706,-1.42085951989687,0.834676309854835,-0.153808474252528,-0.112173264461355,-0.189228383059425
0.601470391988041,1,334.9705882,18.7598576,34.47462406,24.68936691,14.10923172,1.449207643,9.8407674107443,3.31120127,"shrub","Lycium",-0.255260060021121,-0.961939458118529,-0.414071113515469,0.324759248832585,-0.384973232336793,0.201235535033485
-0.0790432073404529,1,433.3291139,22.80339947,12.5182212,28.47809473,16.01466642,1.37532618,9.89047886578165,2.938810613,"shrub","Lycium",-0.941884391225832,-1.77127057131821,0.0477519704484147,0.701778994417924,-0.109717477398268,0.22261923534762
-1.95474909772252,1,526.7234043,11.03678561,61.22526042,17.08326766,4.845734539,0.849677238,9.6657384265848,3.314529795,"herb","Nicotiana",2.40727512039919,0.543953768622442,0.56320357594598,-0.287861733911086,-0.0909727210708527,-0.0434345970951076
-2.30258509299405,1,269,7.689296,102.1041667,13.11926575,3.584128776,0.893592775,9.44412543462923,3.1115528,"herb","Nicotiana",2.90228119772625,2.50359610590408,0.730200642665403,-0.0776703751506169,0.141697052899676,0.106511994175493
-2.52572864430826,1,560.75,17.76350075,24.61458333,26.34712675,11.68526515,1.000708905,9.87906837912036,2.86492715,"herb","Nicotiana",0.110749615562796,-1.52693045678286,0.683779905556641,0.119173843638631,0.161440661032005,0.06202959098155
-2.30258509299405,1,329.5704225,10.66075715,73.56925566,14.22911154,5.834119662,1.054818998,9.33328407821339,3.635671511,"herb","Nicotiana",2.97928357759742,2.42339134522308,-0.187673089734906,1.04503949486061,0.201126601767884,0.0536350946817536
-2.00248050054371,1,347.8275862,10.27353903,35.7326856,17.30512216,2.395026847,0.644461648,9.72267722965276,3.363340739,"herb","Nicotiana",2.99738035054974,-0.190896838271667,0.902859087418642,-0.355077087360363,-0.177738245763221,-0.288441547583048
-2.97201574693668,1,666.7202073,24.85137659,36.86958874,31.97582289,17.71126362,1.226637128,9.99378012289329,3.138598485,"herb","Nicotiana",-1.53983205539635,-2.29480305904315,-0.287907801850147,-0.034947169902742,0.575079770671413,0.196702126779491
-1.98050159382493,1,769.3181818,6.065101273,39.07407407,12.29989197,0.639323856,0.535319442,9.65075038614316,5.098877769,"herb","Nicotiana",4.89404095066573,0.0806267754752586,-1.1943752211744,-0.609036169541877,-0.213663312071093,-0.291692817564539
-1.96041483525819,0,701.1967213,20.17824308,25.08782435,26.9300849,13.21288283,0.849738264,9.96475444758036,3.894601207,"herb","Nicotiana",0.465843392200615,-2.31339744370491,-0.663523866899259,-0.369350517846911,0.476864226912492,0.188176283925526
-2.64789627828246,1,605.5,18.19089215,101.975,23.152204,13.23013957,1.517022216,9.77964431608882,3.46428492,"herb","Nicotiana",-0.29582412376919,0.434450808580442,-0.791170493819638,-0.570299753942714,0.00808391404429083,0.104427117366479
-3.12356564506388,1,516.4833086,18.1212221,41.17458827,23.80040068,11.61746028,1.244971807,9.78927394924467,3.310604528,"shrub","Nicotiana",0.399056143396243,-0.65480388671796,-0.12250198245271,0.210939325299403,-0.104058094236245,0.0246977839206113
-3.16060691674423,1,581.627907,15.55218347,78.92210146,24.34608578,12.51584773,1.696476653,9.63095922261686,2.385542252,"herb","Nicotiana",-0.752594243488041,1.05178872129845,0.582337369652292,0.692465307198809,-0.166976422537879,-0.144806258400061
-2.39032400730205,1,733.7034884,17.61166543,23.8879056,23.97856585,11.03998368,1.062328591,9.84896746395915,4.015794074,"herb","Nicotiana",1.05277588415459,-1.45908874608236,-0.82242729339721,0.0257917028790103,-0.00209419536736277,-0.0632397985767735
-2.54593135162578,1,685.05,20.96205957,27.15476191,27.93692981,13.89899179,0.907068816,9.98461171491897,3.461392761,"herb","Nicotiana",-0.066270567634457,-2.31516163612064,-0.185477067411518,-0.344243911334882,0.441716063475062,0.236696220300958
-1.21066179247673,0,730.8,7.2178584,19.33333333,14.7457918,-0.31051258,0.430344182,9.79649700520933,5.08821234,"herb","Nicotiana",4.75951299265748,-1.06963914578187,-0.949989710269808,-0.976489680144622,-0.302432855451494,-0.577746102746301
-1.79576749062559,0,744.8671329,16.30496119,41.91157946,20.94897803,11.1617033,1.141501846,9.7969898972467,4.760405501,"herb","Nicotiana",1.6454660711906,-0.879331511551545,-1.92040309541867,-0.185078155436821,-0.0927525293584921,0.0741903856042458
-1.16667701958224,1,690.1636364,21.56160961,42.36486486,28.99703095,14.71051619,1.256411208,9.92269967267413,2.632431343,"herb","Nicotiana",-1.10920315550943,-1.48724259760573,0.553418377438974,0.015115271544164,0.20494453896917,0.10893040344503
-3.32423634052603,0,636.9090909,26.01771318,106.4238095,32.47953423,19.12898494,2.089444109,9.93218976956669,2.362385089,"herb","Nicotiana",-3.46171558056308,-0.321583768606812,-0.147371654901887,-0.352665346282109,-0.0370688942024194,-0.185848306025158
-3.03655426807425,0,349.4215054,18.74568794,24.07565511,27.24216883,11.27548211,0.891896266,9.85962719895761,3.128178507,"herb","Nicotiana",0.367688662300251,-1.63849422340589,0.435224005939501,0.149610536096346,0.488418943920186,-0.0983601544483605
-2.29263476214088,0,695.6317016,22.05224547,24.0158046,28.5015661,14.91287828,1.131654903,9.95480428414903,3.683015812,"herb","Nicotiana",-0.30288875969648,-2.19937678157937,-0.700583768021842,-0.0280591797262337,0.275496104959127,0.0993360133279954
-3.79869432012114,0,469.3106796,21.83678281,150.5780662,27.17476984,17.68734867,2.077289459,9.70840794764536,2.654419349,"herb","Nicotiana",-2.48893308690356,1.64022589777772,-0.587818441405004,-0.324895415719779,0.223960694360953,0.0343130220767236
-2.17155683058764,0,334.5,15.25581512,52.035461,21.92411898,7.662801133,0.996951904,9.73692855825004,3.137351768,"herb","Nicotiana",1.25872742912631,-0.169137905432821,0.52465138697684,-0.0740728056870812,0.0849033025044769,-0.204020612140514
-2.89679232569909,0,378.0819672,20.5410939,51.30081301,27.21526373,14.664692,1.680204929,9.73073409969456,3.514034218,"herb","Nicotiana",-0.649350549875893,-0.322196530076357,-0.952874391226538,0.73504136785818,-0.0196273575076624,-0.304331329138101
-2.27108642593467,0,707.751693,20.72733316,23.78439631,27.22451068,13.5908018,0.946875387,9.92916368521446,3.419499567,"herb","Nicotiana",0.0842443051699211,-2.02849172022563,-0.138273526325803,-0.0549088049806144,0.378755596776412,0.221327029519749
-2.43497428103979,1,704.8461538,14.79497762,27.25416667,19.6897876,8.1361628,0.951101923,9.81581300133145,4.25509511,"herb","Nicotiana",2.12630988713975,-1.02769742953905,-0.85714063294102,-0.25241477300602,-0.297589494199594,-0.00254566599753536
-2.2876964805003,1,722.1846847,16.25914858,52.11328321,21.32372503,10.0160707,1.091212164,9.73921775469195,3.535795548,"herb","Nicotiana",1.14982385582239,-0.218091539620703,-0.236653334734104,0.00937450091546836,0.0193002172072217,0.102576777802965
-2.65926003693278,0,433.0567246,17.62145217,86.49650994,21.37738375,11.534211,1.415853938,9.62795829392123,2.806377371,"shrub","Nicotiana",0.167325569775223,1.12584848274329,0.270286518359155,0.274524459616243,0.0147036617119672,0.179294548676695
-3.01593498087151,0,371.3063063,18.83148241,32.22123894,26.76481759,10.9104121,1.117484544,9.83068470372292,2.994532808,"herb","Nicotiana",0.135657613764482,-1.17197483690751,0.461038761511124,0.215846749498029,0.187184190551284,-0.264202893892513
-2.76780020550798,1,715,20.88770222,18.00793651,28.27162112,13.79909846,0.880441135,9.94462835335226,4.059612814,"herb","Nicotiana",0.390889556416073,-2.45668360836919,-0.932651065598895,-0.0962616874245729,0.615728557504949,0.0528500259362337
-3.91202300542815,1,660.04,24.49383336,29.47587719,32.97516861,18.45103547,1.158717247,10.0038031271521,3.022262034,"herb","Nicotiana",-1.69211113880075,-2.550213638476,-0.124928962643892,0.102752763977798,0.722516554049387,0.281469240398474
-1.59948758158093,0,649.9056604,9.684903381,77.70795796,20.76737281,6.08618879,1.130686547,9.72551328935319,2.655824732,"herb","Nicotiana",1.01563640100012,0.575643198286816,1.11701751539397,-0.448017056761435,-0.147454579354027,-0.337785147615083
-2.2730262907525,0,712.4658972,20.44647842,21.70179312,26.73660798,13.14342783,0.958508603,9.90818720534751,3.429132406,"herb","Nicotiana",0.226159511328472,-1.91785467791721,-0.124201519339109,0.0369433690583859,0.319306797667925,0.185055891496275
-3.17008566069877,1,704.2222222,18.787024,125.2748227,24.00137553,13.8638744,1.644573572,9.63080949412926,2.758931236,"herb","Petunia",-0.897663532926989,1.60824376053789,-0.101147902070121,-0.0525214397009044,0.356278313853411,0.0664451231557701
-2.12026353620009,1,272.4102564,10.05844238,61.56538171,12.28114613,4.503308789,0.95125218,9.28637171348292,3.724881113,"herb","Petunia",3.64764847394909,2.53052263007389,-0.114090905355812,1.26540744488015,0.106130050589594,0.110580916016021
-3.01593498087151,1,414.5549133,17.72283264,47.99374022,24.83167814,9.834969392,1.169571144,9.78131739878473,2.823457223,"herb","Petunia",0.292316038867868,-0.488534034740899,0.679033637264781,0.108259991562789,0.0603132609019313,-0.241297351047268
-4.15409456662788,0,709.6428571,15.6455642,135.4966667,20.26969482,10.26851422,1.418694284,9.53599424123095,2.413401403,"herb","Petunia",0.0584929042172541,2.45139957213658,0.723371516872897,-0.140789352454281,0.381782444711874,0.120573441485689
-2.39689577246529,0,716.1666667,19.8413034,119.627451,24.10257743,13.72675506,1.60407362,9.6503055202967,3.039754914,"herb","Petunia",-0.687659242134299,1.34171553273603,-0.412570706276385,-0.108369478621232,0.374365573168968,0.0154746336702289
-2.04022082852655,0,709,14.57058097,137.3020833,19.56637909,9.574795656,1.360508275,9.54609750940347,2.644619806,"herb","Petunia",0.378959722390447,2.4050268296672,0.508961991134472,-0.330491063091868,0.388160783460747,0.0927924300368512
-2.2730262907525,0,695.0344828,17.2032155,143.9871795,23.1326225,11.09279083,1.529037796,9.59222307072358,2.189979938,"herb","Petunia",-0.717121065957142,2.233403851772,0.870636867301735,-0.326416263270343,0.481147833375081,-0.102635368634472
-2.67364877438488,0,674.4390244,19.33769528,119.7012712,24.35371626,13.05750187,1.650467981,9.64197896702096,2.842351409,"herb","Petunia",-0.780070466440526,1.45254066224122,-0.136070364955973,-0.0578978145795672,0.296348611545394,-0.124375523998671
-2.20047987005689,0,639.6986301,17.76768582,115.3737542,22.41692596,12.47054022,1.583243299,9.58687030517352,3.045618213,"herb","Petunia",-0.212854612263492,1.68867606852256,-0.31529552164368,0.118013320054499,0.273575471462806,-0.00501926616838139
-2.23492644452023,0,702.2777778,18.61152769,160.2743446,24.42471396,12.10705241,1.577585536,9.63598899235098,2.369203413,"herb","Petunia",-1.09247129902842,2.15647501043668,0.492852269568754,-0.695768585949983,0.653097857040434,-0.149353802790172
-2.00248050054371,0,719,19.291758,124.25,23.292948,15.288783,1.8325092,9.58601042794466,3.392125,"herb","Petunia",-0.775095321831497,1.78092924085159,-1.17183870752836,0.21292160239162,0.227547031706014,0.0847050373517708
-1.69826912614072,0,673.5,17.47895483,137.968254,21.77299338,9.919700548,1.483589624,9.59687612225737,2.053156662,"herb","Petunia",-0.433894544601526,2.2489206960414,1.18805635975309,-0.361069647378897,0.271567347131357,-0.0613785510933917
-3.57555076880693,1,685.2352941,18.66216406,64.32323232,24.87765058,12.02393569,1.412380219,9.72737847626124,2.339142006,"herb","Petunia",-0.525207258714051,0.213285739329217,0.931777291200769,0.373536495536925,-0.0330618379391833,-0.00418456861641953
-2.07944154167984,0,689.6,17.4697742,144.2727273,20.50632618,10.52401936,1.476197736,9.54844763478472,2.364162882,"herb","Petunia",-0.159467162101897,2.55278315890927,0.710302870937342,-0.289357295262137,0.367298846875201,0.104269027400022
-1.84516024595517,0,725.7,18.27247623,121.7401961,22.91742951,13.29042884,1.606256624,9.60578320242307,2.515198218,"herb","Petunia",-0.7505628036288,1.78874368898733,0.291589626591663,0.0699671032616438,0.262302888121227,0.172927225302051
-2.09557092360972,0,705,16.047043,131.75,21.18048,10.9123335,1.5158311,9.49745978591535,2.1974165,"herb","Petunia",-0.254832971369461,2.60175571554586,0.893255137448645,0.227494887677503,0.387239277943402,0.0661281328948837
-1.69826912614072,0,695.0571429,17.05192314,137.6792453,22.31270998,11.27766464,1.530078728,9.56142146063883,2.082086045,"herb","Petunia",-0.630222980696731,2.35692885887902,1.00758867174391,-0.0848026078926562,0.396856574069228,0.0352877056815325
0.116893751471499,0,361.3229814,20.58467842,38.85386473,28.79900633,11.98279201,1.200112329,9.82865812896814,2.766404232,"herb","Physalis",-0.455099568961785,-1.1245271432041,0.604274285123253,0.306659617828158,0.359674101979965,-0.354504022470156
0.388996915400857,0,241.3412903,9.235182725,64.29830044,13.52565339,5.092665492,0.946973747,9.35041756030829,3.399386738,"shrub","Physalis",3.15671890274016,2.26401810108625,0.280064670608257,1.04138816165248,0.10993199269464,0.163027148147094
0.115112807100505,0,522.2570888,23.16853773,122.9949591,28.6690372,18.45359583,2.148106984,9.7651155803297,2.497505278,"herb","Physalis",-2.81955841142298,0.946635506948845,-0.397628831662551,-0.00609313226997464,-0.0572481434661784,-0.0030246418613131
0.141152279755884,0,391.3584906,19.44726389,58.4,24.9162427,11.30450486,1.360310698,9.76416944914987,3.477396375,"herb","Physalis",0.224302421373333,-0.329609732581931,-0.448714870668541,0.0896061083743576,0.0524366400909993,-0.307484603804215
-0.571992059003478,1,447.32,22.77465402,157.9227749,27.95921947,18.29810479,2.301784437,9.79720810590164,2.65263938,"herb","Physalis",-3.07282635995971,1.43595577174332,-0.775564037957151,-0.711009882235591,-0.144909591357493,-0.0859001269778488
-0.233800131502739,1,348.2786378,20.08419552,18.30504234,27.44129816,12.05601448,0.911960654,9.86383922472873,3.229567452,"herb","Physalis",0.315938691049385,-1.78346147121066,0.246604140413198,0.267293722647713,0.469666951824109,-0.0265895865265266
0.737355435224266,1,471.0490196,15.87648529,41.10561148,22.06690927,8.773200291,0.972833614,9.75482708876999,3.552231793,"herb","Physalis",1.40496390085012,-0.556554466207898,-0.053785119941206,0.022456770112156,0.11235166190102,-0.0942157295664643
0.704581558185609,1,297.5691769,10.51774784,83.36556112,16.08817089,4.846876912,1.03994235,9.54051477811471,3.714113068,"herb","Physalis",2.58420312680915,1.51760682518,-0.179258148652433,-0.0803625984712729,0.0217461421799875,-0.229722824940365
0.662687973075237,0,559.0304878,16.93048345,85.18357488,22.61842412,11.51405314,1.384327586,9.70997623219955,2.883015164,"herb","Physalis",-0.000436486301185521,0.619787820747329,0.2160106740368,-0.0654236387827341,0.0191068773657098,0.0781357977274694
-0.176737178500054,1,471.1088083,23.74182646,108.2194323,29.64040472,18.23630164,2.090357206,9.80693913933715,2.13636355,"herb","Physalis",-3.00540695016419,0.530023564158715,0.181106498315233,0.0837313647239165,-0.132301794591766,-0.00874066149463279
0.314080546306312,0,348.0714286,13.53578554,62.46527778,19.52216242,6.029942675,1.092243057,9.68125677888861,3.332725592,"herb","Physalis",1.72886463102444,0.448473725686226,0.288516338091212,-0.146705832852591,-0.160729810996673,-0.328913346432303
0.113685764403816,1,401.4313725,22.72168306,66.87142857,30.34431563,15.40867052,1.655288371,9.82019897731278,2.186201883,"herb","Physalis",-2.0023621815414,-0.422204341741872,0.729041307529703,0.383481661837887,0.140425486444793,-0.21793319214273
-0.0304592074847086,0,342.3412322,11.95644448,62.12397661,18.51422963,5.700924123,0.977484497,9.63482109515325,3.513313692,"herb","Physalis",2.17181160188542,0.608287688200403,0.14105125454627,-0.0438293985154232,0.0140176963788677,-0.235711151504904
-0.116533816255952,1,437.9230769,22.42854679,80.96590909,29.168936,16.1947792,1.881882623,9.76785503638244,2.190844686,"herb","Physalis",-2.22601921947998,0.228123328222582,0.464198737788338,0.487023368721524,-0.074952611083358,-0.153013923734333
0.78845736036427,0,427.9683544,20.31932928,80.84619342,26.96830074,13.29898834,1.538560109,9.81448924235601,2.168491395,"herb","Physalis",-1.36177248306579,0.0214010779835572,0.953004016487178,-0.0845453947677674,-0.0233691972619991,-0.0668217268631545
0.487966329619908,0,418.3802817,16.70889336,51.56981982,24.15094903,8.177634478,1.070441185,9.80235251860963,2.412261276,"herb","Physalis",0.387276439703919,-0.411203264441024,1.40597398396383,-0.144206896101357,-0.00759882536913499,-0.257413987447181
-0.160168752152821,1,432.9965378,12.71882068,84.38163562,16.28665235,8.824448743,1.198986604,9.46669433455689,3.952689215,"herb","Physalis",2.15198696183634,1.80619495798264,-0.919901312178648,0.50277324539508,0.167520630117502,0.18875135083694
0.424613926946925,0,350.8190955,14.81558975,72.34823848,20.58919495,8.861768343,1.208128803,9.61380427166853,2.77626351,"herb","Physalis",0.888700568897318,0.963738165341989,0.683183947729421,0.317875089888538,0.0484935823999625,-0.0031541223668102
-0.198450938723838,1,491.8359375,21.79115489,97.22280093,27.82302944,16.23603168,1.889336515,9.79698646890009,2.515651338,"herb","Physalis",-2.06621436852897,0.361690366894317,-0.00477410374010401,0.00982988056285258,-0.12400164653211,-0.0447815419893952
-0.452556715642015,0,484.3476821,21.15552262,140.9540509,27.00603953,16.35949027,2.031648003,9.72545123517444,2.496830843,"herb","Physalis",-2.31725860532961,1.4714227624029,-0.219793165870023,-0.326040510007199,0.0830462616377957,-0.0833709602347453
0.424221436590608,1,310.047619,12.98252094,79.26048565,19.18217275,7.083208084,1.146406086,9.63073856777954,4.307952958,"herb","Physalis",2.0953823448885,0.721266318669434,-1.16612562719926,-0.242985395889016,0.147049364357777,-0.395727826889199
0.425267735404344,1,305.6872727,11.07848109,73.70192308,16.95244389,4.736848425,1.039151311,9.58727796444392,3.546967462,"herb","Physalis",2.40289196783452,1.15038389038638,0.0868698346390115,-0.0977050719706653,-0.0902919527712495,-0.28851886245951
-0.809680996815897,0,659.7061995,18.51139621,74.3162963,24.62178164,12.09414773,1.47029515,9.73172306605608,3.129449365,"herb","Physalis",-0.200005736895127,0.206257249901222,-0.175043440126366,0.105478710545167,0.0352841987995593,-0.174586207036764
-0.830113035633103,0,728.8333333,11.4412374,63.04545455,15.99543791,4.042354036,0.787574842,9.75006129441876,2.949802755,"herb","Schizanthus",2.33737609807942,0.34206644074165,1.1629944760808,-0.762342618659882,-0.376162035263592,0.129111978381857
-0.601115095113452,1,715.6,14.0641823,33.60119048,19.11399579,7.620518993,0.968267636,9.76473575441842,3.883668064,"herb","Schizanthus",2.06399653674319,-0.558417504986582,-0.372051180790455,-0.110918783931897,-0.296360436718921,0.0180141780332798
0.203838400256204,0,724.2285714,5.683563066,57.19174757,13.25901812,1.062010054,0.571152749,9.68926264722471,3.917196073,"herb","Schizanthus",3.8801243942069,0.407389040882581,0.26217674781852,-0.852722993877458,-0.249104455111928,-0.0996261346281094
0.405465108108164,1,727.7916667,6.515195954,74.1729798,13.68541806,1.727357548,0.626184358,9.68550945663171,3.557806073,"herb","Schizanthus",3.39957588982013,0.751326616295553,0.600204719893055,-0.988291518018482,-0.163018719451109,-0.0151549982538331
0.316561032002158,1,723.25,8.183619875,31.4,13.955484,2.67127484,0.616970444,9.85717743568047,3.38385822,"herb","Schizanthus",3.16227935915147,-0.634244326121346,0.926047242978947,-1.01428167552331,-0.835343315251513,0.261226642186114
-0.0978333603487631,1,697.5714286,15.306354,27.5,19.140464,8.235264775,0.975627533,9.80761888365581,4.168224325,"herb","Schizanthus",2.10670839513626,-0.914292736300449,-0.768747065045048,-0.210541636060121,-0.385038592018528,0.0761027089819823
-0.708463884671839,1,727.5625,14.17984734,28.34166667,18.91693505,8.04911661,1.064133931,9.71947281291681,3.011117185,"herb","Schizanthus",1.54649391064123,-0.160885143545591,0.68098475577017,0.350397355845125,-0.512535460892348,0.201121496866115
-0.715392789507265,1,463.4848485,9.780036018,59.85817308,14.69259477,4.400959289,0.892220536,9.49302566629927,3.260319273,"herb","Schizanthus",2.90726711604658,1.50185261006998,0.600031750746691,0.451078894915681,-0.0766020929097779,0.0585702231055221
-0.693147180559945,1,204,6.283995718,57.56060606,9.911647818,2.656846004,0.828941483,9.19374509566038,3.682161991,"herb","Schizanthus",4.39162906666876,3.01608214030256,0.150339220956395,1.53642868235284,0.119836174138474,0.148371201032055
-0.0973604902550264,0,711.625,19.2364545,133.9479167,23.95541388,14.212854,1.643264258,9.78119877563119,3.475889808,"herb","Solanum_ E",-0.824504472881632,0.89951827847144,-1.05079283795302,-0.963447908083358,0.202717777206419,0.0597692012733146
0.993251773010283,1,505.0361174,24.39811348,106.4815779,30.36491675,20.05061359,2.317916514,9.73936428206545,1.662472188,"herb","Solanum_ D",-3.69328729847679,0.972770827323121,0.502845547316034,0.695645234981298,-0.255381060899155,0.0907374688006468
2.28564237226373,1,542.1428571,18.20351729,125.4385965,23.23636663,12.81433295,1.499081479,9.75107552870352,2.601089784,"herb","Solanum_ D",-0.811168976980505,1.10276281021348,0.313998167035885,-0.727481987071082,0.16050832250598,0.199554198261302
-0.00360649559411174,0,722.016,16.10386522,69.2617096,21.64093954,9.738751717,1.180843968,9.7840681376162,3.00587911,"herb","Solanum_ E",0.584541777324574,0.00552142172419996,0.38665429387965,-0.375496452889052,-0.128844909986602,0.0813581655842602
0.858661619037519,1,534.7270115,21.37728828,116.7828336,26.56348143,15.6197861,1.867384514,9.75542124771853,1.962714647,"shrub","Solanum_ D",-2.19980714288194,1.05264676025487,0.719563403895679,-0.122693449579916,-0.0839735501185629,0.112923395969382
0.172271220940453,1,515.5806452,25.20162653,125.9538153,30.04983717,20.33383037,2.488347999,9.68365146490369,1.721955088,"herb","Solanum_ C",-3.87952193879428,1.61649290120025,0.224018604423226,0.700729093315566,-0.249189318032267,-0.00490769071240144
0.986861025243445,1,706.3942308,18.67326096,16.25949367,26.76715015,10.82031524,0.957085628,9.94257690754307,3.01438556,"shrub","Solanum_ D",0.254072967766329,-2.00470901541518,0.620710085753925,-0.11128953207616,0.0523050764047979,-0.0925349210268287
0.230794210244733,1,724.5197368,15.8733051,75.67523474,21.32286696,10.19239878,1.232017755,9.75910279984455,2.918589136,"herb","Solanum_ E",0.458053814763793,0.276820589458427,0.409762082778649,-0.317519157076123,-0.129275563791843,0.158558045091307
1.4854154519877,1,565.6527683,21.23324924,80.11968106,26.44802045,14.69448541,1.700257806,9.79209852351902,2.410298179,"shrub","Solanum_ D",-1.48022764077668,0.164107677748959,0.42078871639218,0.119275107153114,-0.19484196702823,0.039426736303224
1.04773995829435,0,698.6198347,17.72412688,43.41001401,25.15752238,10.29075833,1.100014822,9.89206740821617,2.787924569,"shrub","Solanum_ D",0.11453684970306,-1.11106448064481,0.779071591034435,-0.31408554450804,-0.0679264721589735,-0.0813491651911723
0.192271887647123,0,740.8255814,16.77776007,30.79919679,22.4689214,11.08300867,1.133603692,9.83289082466601,4.247593883,"shrub","Solanum_ A",1.23539078251993,-1.18942780626928,-1.19791554285995,-0.0625961533850946,-0.154953434994648,0.0135827397356571
-2.9822239235292,0,619.0398,23.59706417,131.7647742,29.12786962,18.06605188,2.196698734,9.60237641378798,2.086336974,"shrub","Solanum_ B",-2.89878005444205,1.89491520272192,0.0710152721641006,0.670526396780263,0.281308320298784,-0.167094061112834
0.894126919172433,0,312.8205841,12.95105157,94.21139569,18.35930878,7.043655612,1.172721318,9.55267366187611,3.436585783,"shrub","Solanum_ B",1.70351834618312,1.56905481031282,-0.0967151294095605,-0.0263557153572638,0.184975710429025,-0.184628655298329
1.10489252662526,1,674.4318182,20.75841791,45.50806452,28.4651472,13.56039689,1.405345057,9.86931292202609,2.411558957,"shrub","Solanum_ D",-1.13680597465805,-0.995763175683156,0.810251099906156,0.211907747016853,-0.0151264183709539,-0.114585381515513
0.546501600218461,0,686.1887202,22.40990383,25.5354536,29.84804909,15.01883827,0.957442451,9.99724842004847,3.422051935,"shrub","Solanum_ E",-0.483108353503103,-2.51177987632971,-0.246047651224278,-0.226959588590169,0.57847654218931,0.164762468995655
1.70059274344986,0,699.9447514,21.26507084,22.86171311,28.69946809,14.37953463,0.955529063,9.96249812423891,3.204168796,"shrub","Solanum_ E",-0.336891870962747,-2.25259821299058,0.0889450870035628,-0.0694114359160304,0.451312445502133,0.229039174504325
0.930982280617145,0,732.0555556,16.15224027,61.88871838,22.22032272,9.963725708,1.155271263,9.77799423698115,2.994520338,"shrub","Solanum_ E",0.574286388162673,-0.136119319174489,0.418955230728934,-0.20526182868136,-0.0631897432276842,0.0685278549337631
1.55877599763187,1,472.8115942,25.07738334,35.67961165,29.90146262,17.49474744,1.666552585,9.86720255494993,2.73005611,"shrub","Solanum_ C",-1.80388547301126,-1.22176232048955,-0.051793609878013,0.702035672963949,-0.12420810241548,0.09284884116269
0.669264240096613,1,431.4133333,24.06942932,91.00666667,29.92913679,18.20969392,2.216551579,9.82499475862547,2.660602211,"shrub","Solanum_ D",-2.80248401905564,0.133630612570068,-0.536850650176731,0.260497513107579,-0.399398234974375,-0.24178900178078
1.39058514253705,1,515.2307692,21.82445808,52.08888889,27.12822703,15.667511,1.663573643,9.84734582769273,2.416947153,"shrub","Solanum_ C",-1.53960835680931,-0.584654046878442,0.452976294129385,0.376439229684649,-0.372733145709149,0.183359061878341
0.0704584636485614,1,715.704142,17.71910845,102.8685963,22.5268318,12.0011872,1.406778834,9.77659502692826,3.010560743,"shrub","Solanum_ E",-0.215594276355094,0.568198981089611,-0.0327352895759685,-0.640764599219514,0.00660992988867701,0.157306570095292
2.12942147398486,1,348.6652174,18.04088529,73.17060367,24.4645356,12.2091135,1.466202234,9.71701496713164,3.862842648,"herb","Solanum_ B",0.243477806296776,0.0844464422249806,-1.14490445382331,0.0947830653386506,0.155471879435261,-0.297044015411156
1.40922933240239,0,685.4545455,21.64812864,55.21190476,28.61008009,14.83225097,1.561009526,9.88606753474031,2.350808366,"shrub","Solanum_ E",-1.59414116552933,-0.847668984778529,0.670088885085646,0.120317715714452,-0.152832925420224,-0.0226208241910476
-0.0272125249041959,0,711.3333333,16.99968354,89.59309309,22.32865934,11.26935528,1.355735395,9.78395761587379,2.944207023,"shrub","Solanum_ E",-0.0189858313841772,0.352609942317888,0.181389456803193,-0.519830491674443,-0.1005828680287,0.122240050762267
0.792992515529661,0,722.4614883,19.17984485,34.80743484,25.30722025,11.94957146,1.08201217,9.83098340694934,3.007852515,"herb","Solanum_ E",0.18877764706164,-1.07882892000277,0.383489998041668,0.169493962903191,0.140702181406008,0.110116180566483
0.758560319108177,1,710.0669078,19.75743746,41.32656737,25.69065811,12.39754107,1.096756189,9.85313711614982,2.841650496,"shrub","Solanum_ E",-0.087036240184676,-1.06732430158425,0.546123159865898,0.02796136161257,0.159339972190388,0.171573308081104
0.99139820436096,1,629.6078431,19.20945438,92.96330022,25.65380198,14.24568008,1.708751986,9.76808773320332,2.239747456,"shrub","Solanum_ C",-1.48934973411307,0.570692733468393,0.632719849718877,-0.00147741136311175,-0.181768147723217,0.0748968276614271
1.11782650759191,0,616.9545455,23.02630973,86.95545977,28.34147512,17.85791529,2.142819831,9.71541388080335,2.578813216,"shrub","Solanum_ C",-2.36650868314126,0.647151526639226,-0.371216522073131,0.743846867873186,-0.27973543725458,-0.0912669340472249
0.258356243069952,0,524.6568627,23.75011276,52.61826347,29.91984429,17.75388823,1.807453241,9.87065895882822,2.416421309,"shrub","Solanum_ D",-2.27331800767365,-0.827961594440041,0.203113900421884,0.522444930742576,-0.2415958820795,0.0883651529315329
0.879626747502564,1,645.7,18.46025849,24.77898551,26.17132549,11.43753426,1.050113085,9.89607294917686,2.939904376,"shrub","Solanum_ D",0.118506437931399,-1.567441800881,0.576021902318406,0.0261133073399118,0.0301491959359367,-0.00190543546238586
0.59630582911039,1,717.372093,17.43242452,124.5821879,22.48748377,12.55716742,1.471863431,9.77341538018993,3.227736086,"shrub","Solanum_ E",-0.35626295421984,0.883123569847691,-0.462343042530173,-0.94884901416997,0.138855276934814,0.149247187855369
1.28093384546206,1,483.276824,23.46516748,57.43466899,29.10240167,17.11616415,1.699483454,9.8664848225187,2.632250305,"shrub","Solanum_ D",-1.89800701404643,-0.788954412600682,0.0254226615616048,0.333911887293907,-0.115693158552252,0.116514758968104
0.888055852859371,1,686.7142857,21.53228293,55.64300412,28.66996467,14.73648704,1.562788147,9.88470862351203,2.356199884,"shrub","Solanum_ E",-1.58812644914123,-0.83780204582907,0.6674404692127,0.116157138595848,-0.145339709260635,-0.049204866529053
1.5554462438652,0,661,21.84655264,35.81770833,29.51563769,13.9122595,1.370102431,9.89774505440955,2.302980925,"shrub","Solanum_ C",-1.29380242193647,-1.3420907646961,0.982046177910754,0.291812447163418,0.013981204788995,-0.1160209321253
0.693147180559945,1,672.2260597,12.93716661,69.66970387,17.37281863,8.738803583,1.093594649,9.60432146178027,4.894304599,"shrub","Solanum_ A",2.5626440706411,0.616350550580434,-2.00509310817526,-0.0293405863047572,0.153890530564807,0.00389014943853078
1.08360016854761,1,436.0236407,19.67906025,110.6698202,25.09378028,13.3218049,1.594032722,9.8039112653723,2.272747434,"shrub","Solanum_ B",-1.34081451812247,0.650832939089486,0.696667997401675,-0.567463260111095,-0.038608700687171,0.0866748102125099
1.0688967564784,0,511.7826087,20.42704322,69.22376543,25.7186432,12.80918498,1.53318732,9.84502027603845,2.143292065,"shrub","Solanum_ D",-1.16065527577618,-0.18177979226568,1.0681391512393,-0.106873429969154,-0.341814998520244,0.0355454110271028
1.54619987862951,0,687.724,18.52241118,54.55692168,26.01027342,11.26539329,1.292654559,9.87153398007498,2.436761384,"shrub","Solanum_ D",-0.53086528790062,-0.728988496403275,1.0034609285783,-0.198312539905452,-0.140148686973891,-0.113294041610059
0.925210829248714,0,745.2592593,13.88335835,67.57188438,19.06149053,7.738942304,1.072302162,9.74102755541945,3.277763507,"shrub","Solanum_ A",1.43607486968098,0.2592726257547,0.24792913891307,-0.422909992895838,-0.213584561807614,0.0690410101918944
1.5810384379124,1,586.7647059,16.61724393,64.33632882,20.97302123,11.89686358,1.322937866,9.71609947577842,4.263817039,"shrub","Solanum_ D",1.07116872892333,0.0251331116187886,-1.5255422848543,0.00329548870929522,-0.0452883884062973,0.106515378121213
0.215433908244157,1,643.0909091,22.19538763,204.6579365,26.33589486,16.97606654,2.022555753,9.87520422044659,4.014808384,"shrub","Solanum_ E",-2.09321608626457,1.41730478016269,-2.38532614167349,-2.2297390934029,0.442290200036568,-0.15107560082305
1.25276296849537,1,515.9662921,24.85974331,113.2994673,30.39434773,20.47376813,2.421576812,9.74102717602998,1.696164655,"shrub","Solanum_ D",-3.88598250723354,1.11403729281023,0.340625060260939,0.636789149300706,-0.337092708539926,0.0689320491836677
1.11893765512936,0,557.5,26.12747625,83.13793103,29.18124266,22.63248603,2.59789019,9.80008042776744,3.581159197,"shrub","Solanum_ D",-3.07932152522284,0.115837605920344,-2.31373776208412,0.744552927180506,-0.767087824776722,0.0801764215155612
0.53156898490389,1,543.1515152,16.31840658,86.7259887,21.70784941,10.49664281,1.330549296,9.76593630711877,2.389377403,"shrub","Solanum_ D",-0.0970057444219793,0.566292080061878,0.988582591611818,-0.390642864940463,-0.224474727927036,0.198791704183032
1.25276296849537,0,403.6933073,21.39131639,110.8265777,28.24208592,17.50903845,1.967840747,9.80022159952739,1.878649685,"herb","Solanum_ D",-2.7894568175674,0.694978238747198,0.647731557361053,-0.0245076235722962,-0.132400064464718,0.18699802035223
-0.148036078827404,1,698.6015625,19.03664305,60.81695332,25.29321612,12.39759062,1.384972701,9.83634556906296,2.6292554,"shrub","Solanum_ E",-0.571384041439194,-0.440988404828675,0.579156725114947,-0.0873041129664799,-0.160161986382685,0.0281272550846604
-0.380967636507777,1,723.6666667,14.09697328,88.16455697,19.29048723,8.567986899,1.151967699,9.75236864690014,3.130796403,"shrub","Solanum_ E",1.00119362193714,0.565899130610459,0.273046920417005,-0.70244448861968,-0.155286930285844,0.147949655574637
2.54600174914781,1,540.1428571,14.93364455,94.53911564,20.29170435,9.655362343,1.291735137,9.74785641236806,2.229448929,"shrub","Solanum_ D",0.0834915816924308,0.892103042777762,1.26329860119968,-0.519435747271427,-0.27760872052344,0.28464199757544
0.120446153075867,1,719.6486486,15.50622011,102.1929012,20.9192774,10.40122988,1.288899815,9.76715980804728,3.04090656,"shrub","Solanum_ E",0.30595541471544,0.663676243356357,0.126795896566962,-0.776602820543269,-0.0390682014480886,0.169044854141255
-0.125563222975346,1,717.1800554,19.05252056,23.80842784,24.91384017,12.14986581,0.886341679,9.90959074361799,3.908978619,"shrub","Solanum_ E",0.861943619169446,-1.90420743770124,-0.635026778002257,-0.209070168742142,0.265634336375402,0.197821869265358
-0.157355810776207,1,740.4547284,15.45330862,79.52453336,20.82080186,10.43562017,1.261130478,9.7246998644663,3.278215424,"shrub","Solanum_ E",0.678124063036325,0.447911991186817,-0.119108334950046,-0.25986122386307,-0.0618487301076218,0.140943819464182
-0.327393572688009,0,744.145098,15.29935244,81.60945971,19.84646529,10.22000396,1.25516854,9.71766012354782,3.544054739,"shrub","Solanum_ E",0.955827757736272,0.515877946667151,-0.454328335453561,-0.342249608386855,-0.101208131164143,0.168171912006469
0.492254238180555,1,745.8888889,16.27821939,36.1964145,21.89964077,10.43170575,1.053772286,9.79252182923414,4.04373255,"shrub","Solanum_ A",1.37671886272557,-0.881732081771808,-0.853595933420664,-0.0201296806676779,-0.0182529239780429,0.0562435993335222
1.21360625329417,1,693.3823529,18.89523318,39.03125,27.67625944,11.01179068,1.13209968,9.93909162390233,2.614259583,"shrub","Solanum_ D",-0.407793397624908,-1.51395536956217,0.952999559955601,-0.303057501890568,0.0312198260700219,-0.230939840306121
1.20633002389961,1,727.7419355,17.27494599,38.76879085,23.4247079,10.79461131,1.220816284,9.85142607527692,3.433395959,"shrub","Solanum_ D",0.5483281241418,-0.964204553814391,-0.181927501370706,-0.121749338752699,-0.283546036704553,-0.0372914147473821
0,1,489.7340824,23.58413442,155.3712029,27.9428834,18.89720763,2.278810761,9.79832749567398,2.467335846,"shrub","Solanum_ B",-3.20741954353976,1.41183478147009,-0.555053137938667,-0.6256896910245,-0.136983347910522,0.0736821333610997
0.645824938465532,1,759.4615385,14.31315872,83.16956421,19.04392685,9.938110114,1.218184078,9.69033014888415,4.132382058,"shrub","Solanum_ A",1.47182454551913,0.556914467648787,-1.1920822987966,-0.374419820170646,0.0101222946982519,0.10747438287538
-0.388607991041741,1,719.6567164,16.28476858,100.6328829,21.48197226,10.92622106,1.325322518,9.76751761650854,3.04747875,"shrub","Solanum_ E",0.157984309703659,0.610211883581623,0.0582660769924916,-0.692672815589119,-0.02265606015879,0.158117079402251
